{
  "__type__": "cc.SpriteFrame",
  "content": {
    "name": "bag",
    "atlas": "",
    "rect": {
      "x": 2,
      "y": 2,
      "width": 168,
      "height": 170
    },
    "offset": {
      "x": 0,
      "y": 0
    },
    "originalSize": {
      "width": 172,
      "height": 174
    },
    "rotated": false,
    "capInsets": [
      0,
      0,
      0,
      0
    ],
    "vertices": {
      "rawPosition": [
        -84,
        -85,
        0,
        84,
        -85,
        0,
        -84,
        85,
        0,
        84,
        85,
        0
      ],
      "indexes": [
        0,
        1,
        2,
        2,
        1,
        3
      ],
      "uv": [
        2,
        172,
        170,
        172,
        2,
        2,
        170,
        2
      ],
      "nuv": [
        0.011627906976744186,
        0.011494252873563218,
        0.9883720930232558,
        0.011494252873563218,
        0.011627906976744186,
        0.9885057471264368,
        0.9883720930232558,
        0.9885057471264368
      ],
      "minPos": {
        "x": -84,
        "y": -85,
        "z": 0
      },
      "maxPos": {
        "x": 84,
        "y": 85,
        "z": 0
      }
    },
    "texture": "be63848c-7985-4a05-9923-04ed3101ae7d@6c48a",
    "packable": true,
    "pixelsToUnit": 100,
    "pivot": {
      "x": 0.5,
      "y": 0.5
    },
    "meshType": 0
  }
}