{
  "__type__": "cc.SpriteFrame",
  "content": {
    "name": "circlestipsbg",
    "atlas": "",
    "rect": {
      "x": 5,
      "y": 5,
      "width": 362,
      "height": 162
    },
    "offset": {
      "x": 1,
      "y": -1
    },
    "originalSize": {
      "width": 370,
      "height": 170
    },
    "rotated": false,
    "capInsets": [
      0,
      0,
      0,
      0
    ],
    "vertices": {
      "rawPosition": [
        -181,
        -81,
        0,
        181,
        -81,
        0,
        -181,
        81,
        0,
        181,
        81,
        0
      ],
      "indexes": [
        0,
        1,
        2,
        2,
        1,
        3
      ],
      "uv": [
        5,
        165,
        367,
        165,
        5,
        3,
        367,
        3
      ],
      "nuv": [
        0.013513513513513514,
        0.01764705882352941,
        0.9918918918918919,
        0.01764705882352941,
        0.013513513513513514,
        0.9705882352941176,
        0.9918918918918919,
        0.9705882352941176
      ],
      "minPos": {
        "x": -181,
        "y": -81,
        "z": 0
      },
      "maxPos": {
        "x": 181,
        "y": 81,
        "z": 0
      }
    },
    "texture": "d02122fd-eac6-46f0-beb3-adfce451ef03@6c48a",
    "packable": true,
    "pixelsToUnit": 100,
    "pivot": {
      "x": 0.5,
      "y": 0.5
    },
    "meshType": 0
  }
}