{
  "__type__": "cc.SpriteFrame",
  "content": {
    "name": "circlebg",
    "atlas": "",
    "rect": {
      "x": 4,
      "y": 4,
      "width": 350,
      "height": 623
    },
    "offset": {
      "x": 0.5,
      "y": -0.5
    },
    "originalSize": {
      "width": 357,
      "height": 630
    },
    "rotated": false,
    "capInsets": [
      0,
      0,
      0,
      0
    ],
    "vertices": {
      "rawPosition": [
        -175,
        -311.5,
        0,
        175,
        -311.5,
        0,
        -175,
        311.5,
        0,
        175,
        311.5,
        0
      ],
      "indexes": [
        0,
        1,
        2,
        2,
        1,
        3
      ],
      "uv": [
        4,
        626,
        354,
        626,
        4,
        3,
        354,
        3
      ],
      "nuv": [
        0.011204481792717087,
        0.004761904761904762,
        0.9915966386554622,
        0.004761904761904762,
        0.011204481792717087,
        0.9936507936507937,
        0.9915966386554622,
        0.9936507936507937
      ],
      "minPos": {
        "x": -175,
        "y": -311.5,
        "z": 0
      },
      "maxPos": {
        "x": 175,
        "y": 311.5,
        "z": 0
      }
    },
    "texture": "c33081b7-179d-4ac8-9f18-6b2479d4e67c@6c48a",
    "packable": true,
    "pixelsToUnit": 100,
    "pivot": {
      "x": 0.5,
      "y": 0.5
    },
    "meshType": 0
  }
}