{
  "__type__": "cc.SpriteFrame",
  "content": {
    "name": "brownbg",
    "atlas": "",
    "rect": {
      "x": 7,
      "y": 5,
      "width": 259,
      "height": 253
    },
    "offset": {
      "x": 0.5,
      "y": -1
    },
    "originalSize": {
      "width": 272,
      "height": 261
    },
    "rotated": false,
    "capInsets": [
      0,
      0,
      0,
      0
    ],
    "vertices": {
      "rawPosition": [
        -129.5,
        -126.5,
        0,
        129.5,
        -126.5,
        0,
        -129.5,
        126.5,
        0,
        129.5,
        126.5,
        0
      ],
      "indexes": [
        0,
        1,
        2,
        2,
        1,
        3
      ],
      "uv": [
        7,
        256,
        266,
        256,
        7,
        3,
        266,
        3
      ],
      "nuv": [
        0.025735294117647058,
        0.011494252873563218,
        0.9779411764705882,
        0.011494252873563218,
        0.025735294117647058,
        0.9808429118773946,
        0.9779411764705882,
        0.9808429118773946
      ],
      "minPos": {
        "x": -129.5,
        "y": -126.5,
        "z": 0
      },
      "maxPos": {
        "x": 129.5,
        "y": 126.5,
        "z": 0
      }
    },
    "texture": "3c0e27e6-f264-4dc5-9b9b-96ff7ecb1ab4@6c48a",
    "packable": true,
    "pixelsToUnit": 100,
    "pivot": {
      "x": 0.5,
      "y": 0.5
    },
    "meshType": 0
  }
}