{
  "__type__": "cc.SpriteFrame",
  "content": {
    "name": "circlecontentsectionbg",
    "atlas": "",
    "rect": {
      "x": 3,
      "y": 4,
      "width": 336,
      "height": 63
    },
    "offset": {
      "x": -1,
      "y": -0.5
    },
    "originalSize": {
      "width": 344,
      "height": 70
    },
    "rotated": false,
    "capInsets": [
      0,
      0,
      0,
      0
    ],
    "vertices": {
      "rawPosition": [
        -168,
        -31.5,
        0,
        168,
        -31.5,
        0,
        -168,
        31.5,
        0,
        168,
        31.5,
        0
      ],
      "indexes": [
        0,
        1,
        2,
        2,
        1,
        3
      ],
      "uv": [
        3,
        66,
        339,
        66,
        3,
        3,
        339,
        3
      ],
      "nuv": [
        0.00872093023255814,
        0.04285714285714286,
        0.9854651162790697,
        0.04285714285714286,
        0.00872093023255814,
        0.9428571428571428,
        0.9854651162790697,
        0.9428571428571428
      ],
      "minPos": {
        "x": -168,
        "y": -31.5,
        "z": 0
      },
      "maxPos": {
        "x": 168,
        "y": 31.5,
        "z": 0
      }
    },
    "texture": "93f4eb23-baca-46b2-bd87-790e9b50be80@6c48a",
    "packable": true,
    "pixelsToUnit": 100,
    "pivot": {
      "x": 0.5,
      "y": 0.5
    },
    "meshType": 0
  }
}