{
  "__type__": "cc.SpriteFrame",
  "content": {
    "name": "soil",
    "atlas": "",
    "rect": {
      "x": 1,
      "y": 3,
      "width": 205,
      "height": 136
    },
    "offset": {
      "x": 0.5,
      "y": -0.5
    },
    "originalSize": {
      "width": 206,
      "height": 141
    },
    "rotated": false,
    "capInsets": [
      0,
      0,
      0,
      0
    ],
    "vertices": {
      "rawPosition": [
        -102.5,
        -68,
        0,
        102.5,
        -68,
        0,
        -102.5,
        68,
        0,
        102.5,
        68,
        0
      ],
      "indexes": [
        0,
        1,
        2,
        2,
        1,
        3
      ],
      "uv": [
        1,
        138,
        206,
        138,
        1,
        2,
        206,
        2
      ],
      "nuv": [
        0.0048543689320388345,
        0.014184397163120567,
        1,
        0.014184397163120567,
        0.0048543689320388345,
        0.9787234042553191,
        1,
        0.9787234042553191
      ],
      "minPos": {
        "x": -102.5,
        "y": -68,
        "z": 0
      },
      "maxPos": {
        "x": 102.5,
        "y": 68,
        "z": 0
      }
    },
    "texture": "85c7a98d-f8fe-4e9e-97f4-0d994bc01564@6c48a",
    "packable": true,
    "pixelsToUnit": 100,
    "pivot": {
      "x": 0.5,
      "y": 0.5
    },
    "meshType": 0
  }
}