{
  "__type__": "cc.SpriteFrame",
  "content": {
    "name": "quitbtn",
    "atlas": "",
    "rect": {
      "x": 5,
      "y": 4,
      "width": 188,
      "height": 87
    },
    "offset": {
      "x": 1,
      "y": -0.5
    },
    "originalSize": {
      "width": 196,
      "height": 94
    },
    "rotated": false,
    "capInsets": [
      0,
      0,
      0,
      0
    ],
    "vertices": {
      "rawPosition": [
        -94,
        -43.5,
        0,
        94,
        -43.5,
        0,
        -94,
        43.5,
        0,
        94,
        43.5,
        0
      ],
      "indexes": [
        0,
        1,
        2,
        2,
        1,
        3
      ],
      "uv": [
        5,
        90,
        193,
        90,
        5,
        3,
        193,
        3
      ],
      "nuv": [
        0.025510204081632654,
        0.031914893617021274,
        0.9846938775510204,
        0.031914893617021274,
        0.025510204081632654,
        0.9574468085106383,
        0.9846938775510204,
        0.9574468085106383
      ],
      "minPos": {
        "x": -94,
        "y": -43.5,
        "z": 0
      },
      "maxPos": {
        "x": 94,
        "y": 43.5,
        "z": 0
      }
    },
    "texture": "f71e9f4d-a81b-4d7c-ad83-55c5c1301c6b@6c48a",
    "packable": true,
    "pixelsToUnit": 100,
    "pivot": {
      "x": 0.5,
      "y": 0.5
    },
    "meshType": 0
  }
}