{
  "__type__": "cc.SpriteFrame",
  "content": {
    "name": "bg",
    "atlas": "",
    "rect": {
      "x": 0,
      "y": 0,
      "width": 1125,
      "height": 2173
    },
    "offset": {
      "x": 0,
      "y": 0.5
    },
    "originalSize": {
      "width": 1125,
      "height": 2174
    },
    "rotated": false,
    "capInsets": [
      0,
      0,
      0,
      0
    ],
    "vertices": {
      "rawPosition": [
        -562.5,
        -1086.5,
        0,
        562.5,
        -1086.5,
        0,
        -562.5,
        1086.5,
        0,
        562.5,
        1086.5,
        0
      ],
      "indexes": [
        0,
        1,
        2,
        2,
        1,
        3
      ],
      "uv": [
        0,
        2174,
        1125,
        2174,
        0,
        1,
        1125,
        1
      ],
      "nuv": [
        0,
        0.00045998160073597056,
        1,
        0.00045998160073597056,
        0,
        1,
        1,
        1
      ],
      "minPos": {
        "x": -562.5,
        "y": -1086.5,
        "z": 0
      },
      "maxPos": {
        "x": 562.5,
        "y": 1086.5,
        "z": 0
      }
    },
    "texture": "edde6dcd-c781-448d-bb34-0847d76bf269@6c48a",
    "packable": true,
    "pixelsToUnit": 100,
    "pivot": {
      "x": 0.5,
      "y": 0.5
    },
    "meshType": 0
  }
}