{
  "__type__": "cc.SpriteFrame",
  "content": {
    "name": "box1",
    "atlas": "",
    "rect": {
      "x": 3,
      "y": 2,
      "width": 183,
      "height": 210
    },
    "offset": {
      "x": 0.5,
      "y": 0
    },
    "originalSize": {
      "width": 188,
      "height": 214
    },
    "rotated": false,
    "capInsets": [
      0,
      0,
      0,
      0
    ],
    "vertices": {
      "rawPosition": [
        -91.5,
        -105,
        0,
        91.5,
        -105,
        0,
        -91.5,
        105,
        0,
        91.5,
        105,
        0
      ],
      "indexes": [
        0,
        1,
        2,
        2,
        1,
        3
      ],
      "uv": [
        3,
        212,
        186,
        212,
        3,
        2,
        186,
        2
      ],
      "nuv": [
        0.015957446808510637,
        0.009345794392523364,
        0.9893617021276596,
        0.009345794392523364,
        0.015957446808510637,
        0.9906542056074766,
        0.9893617021276596,
        0.9906542056074766
      ],
      "minPos": {
        "x": -91.5,
        "y": -105,
        "z": 0
      },
      "maxPos": {
        "x": 91.5,
        "y": 105,
        "z": 0
      }
    },
    "texture": "c8b942eb-7152-4d4b-97ca-c22a056d96e7@6c48a",
    "packable": true,
    "pixelsToUnit": 100,
    "pivot": {
      "x": 0.5,
      "y": 0.5
    },
    "meshType": 0
  }
}