{
  "__type__": "cc.SpriteFrame",
  "content": {
    "name": "brownmiddle",
    "atlas": "",
    "rect": {
      "x": 7,
      "y": 7,
      "width": 378,
      "height": 106
    },
    "offset": {
      "x": 0.5,
      "y": 0
    },
    "originalSize": {
      "width": 391,
      "height": 120
    },
    "rotated": false,
    "capInsets": [
      0,
      0,
      0,
      0
    ],
    "vertices": {
      "rawPosition": [
        -189,
        -53,
        0,
        189,
        -53,
        0,
        -189,
        53,
        0,
        189,
        53,
        0
      ],
      "indexes": [
        0,
        1,
        2,
        2,
        1,
        3
      ],
      "uv": [
        7,
        113,
        385,
        113,
        7,
        7,
        385,
        7
      ],
      "nuv": [
        0.017902813299232736,
        0.058333333333333334,
        0.9846547314578005,
        0.058333333333333334,
        0.017902813299232736,
        0.9416666666666667,
        0.9846547314578005,
        0.9416666666666667
      ],
      "minPos": {
        "x": -189,
        "y": -53,
        "z": 0
      },
      "maxPos": {
        "x": 189,
        "y": 53,
        "z": 0
      }
    },
    "texture": "15c8bf7c-97b4-4a23-95ea-dd706ba9e357@6c48a",
    "packable": true,
    "pixelsToUnit": 100,
    "pivot": {
      "x": 0.5,
      "y": 0.5
    },
    "meshType": 0
  }
}