{
  "__type__": "cc.SpriteFrame",
  "content": {
    "name": "soillocked",
    "atlas": "",
    "rect": {
      "x": 2,
      "y": 3,
      "width": 202,
      "height": 134
    },
    "offset": {
      "x": 0,
      "y": 0.5
    },
    "originalSize": {
      "width": 206,
      "height": 141
    },
    "rotated": false,
    "capInsets": [
      0,
      0,
      0,
      0
    ],
    "vertices": {
      "rawPosition": [
        -101,
        -67,
        0,
        101,
        -67,
        0,
        -101,
        67,
        0,
        101,
        67,
        0
      ],
      "indexes": [
        0,
        1,
        2,
        2,
        1,
        3
      ],
      "uv": [
        2,
        138,
        204,
        138,
        2,
        4,
        204,
        4
      ],
      "nuv": [
        0.009708737864077669,
        0.028368794326241134,
        0.9902912621359223,
        0.028368794326241134,
        0.009708737864077669,
        0.9787234042553191,
        0.9902912621359223,
        0.9787234042553191
      ],
      "minPos": {
        "x": -101,
        "y": -67,
        "z": 0
      },
      "maxPos": {
        "x": 101,
        "y": 67,
        "z": 0
      }
    },
    "texture": "c5793078-0526-465a-ab75-62fc22667157@6c48a",
    "packable": true,
    "pixelsToUnit": 100,
    "pivot": {
      "x": 0.5,
      "y": 0.5
    },
    "meshType": 0
  }
}