{
  "__type__": "cc.SpriteFrame",
  "content": {
    "name": "fruitsectionbg",
    "atlas": "",
    "rect": {
      "x": 4,
      "y": 5,
      "width": 159,
      "height": 100
    },
    "offset": {
      "x": 0.5,
      "y": -1
    },
    "originalSize": {
      "width": 166,
      "height": 108
    },
    "rotated": false,
    "capInsets": [
      0,
      0,
      0,
      0
    ],
    "vertices": {
      "rawPosition": [
        -79.5,
        -50,
        0,
        79.5,
        -50,
        0,
        -79.5,
        50,
        0,
        79.5,
        50,
        0
      ],
      "indexes": [
        0,
        1,
        2,
        2,
        1,
        3
      ],
      "uv": [
        4,
        103,
        163,
        103,
        4,
        3,
        163,
        3
      ],
      "nuv": [
        0.024096385542168676,
        0.027777777777777776,
        0.9819277108433735,
        0.027777777777777776,
        0.024096385542168676,
        0.9537037037037037,
        0.9819277108433735,
        0.9537037037037037
      ],
      "minPos": {
        "x": -79.5,
        "y": -50,
        "z": 0
      },
      "maxPos": {
        "x": 79.5,
        "y": 50,
        "z": 0
      }
    },
    "texture": "c5e716b2-bc7a-45bf-913a-f8b23bc98514@6c48a",
    "packable": true,
    "pixelsToUnit": 100,
    "pivot": {
      "x": 0.5,
      "y": 0.5
    },
    "meshType": 0
  }
}