{
  "__type__": "cc.SpriteFrame",
  "content": {
    "name": "shangdian",
    "atlas": "",
    "rect": {
      "x": 1,
      "y": 0,
      "width": 729,
      "height": 126
    },
    "offset": {
      "x": 0.5,
      "y": 2
    },
    "originalSize": {
      "width": 730,
      "height": 130
    },
    "rotated": false,
    "capInsets": [
      0,
      0,
      0,
      0
    ],
    "vertices": {
      "rawPosition": [
        -364.5,
        -63,
        0,
        364.5,
        -63,
        0,
        -364.5,
        63,
        0,
        364.5,
        63,
        0
      ],
      "indexes": [
        0,
        1,
        2,
        2,
        1,
        3
      ],
      "uv": [
        1,
        130,
        730,
        130,
        1,
        4,
        730,
        4
      ],
      "nuv": [
        0.0013698630136986301,
        0.03076923076923077,
        1,
        0.03076923076923077,
        0.0013698630136986301,
        1,
        1,
        1
      ],
      "minPos": {
        "x": -364.5,
        "y": -63,
        "z": 0
      },
      "maxPos": {
        "x": 364.5,
        "y": 63,
        "z": 0
      }
    },
    "texture": "098314ba-62c7-489c-be15-51c1501fa896@6c48a",
    "packable": true,
    "pixelsToUnit": 100,
    "pivot": {
      "x": 0.5,
      "y": 0.5
    },
    "meshType": 0
  }
}