{
  "__type__": "cc.SpriteFrame",
  "content": {
    "name": "circle",
    "atlas": "",
    "rect": {
      "x": 0,
      "y": 2,
      "width": 172,
      "height": 170
    },
    "offset": {
      "x": 0,
      "y": 0
    },
    "originalSize": {
      "width": 172,
      "height": 174
    },
    "rotated": false,
    "capInsets": [
      0,
      0,
      0,
      0
    ],
    "vertices": {
      "rawPosition": [
        -86,
        -85,
        0,
        86,
        -85,
        0,
        -86,
        85,
        0,
        86,
        85,
        0
      ],
      "indexes": [
        0,
        1,
        2,
        2,
        1,
        3
      ],
      "uv": [
        0,
        172,
        172,
        172,
        0,
        2,
        172,
        2
      ],
      "nuv": [
        0,
        0.011494252873563218,
        1,
        0.011494252873563218,
        0,
        0.9885057471264368,
        1,
        0.9885057471264368
      ],
      "minPos": {
        "x": -86,
        "y": -85,
        "z": 0
      },
      "maxPos": {
        "x": 86,
        "y": 85,
        "z": 0
      }
    },
    "texture": "7782dc29-24f9-4beb-b906-a98743577005@6c48a",
    "packable": true,
    "pixelsToUnit": 100,
    "pivot": {
      "x": 0.5,
      "y": 0.5
    },
    "meshType": 0
  }
}