{
  "__type__": "cc.SpriteFrame",
  "content": {
    "name": "brownlittle",
    "atlas": "",
    "rect": {
      "x": 5,
      "y": 4,
      "width": 248,
      "height": 44
    },
    "offset": {
      "x": 0.5,
      "y": 0
    },
    "originalSize": {
      "width": 257,
      "height": 52
    },
    "rotated": false,
    "capInsets": [
      0,
      0,
      0,
      0
    ],
    "vertices": {
      "rawPosition": [
        -124,
        -22,
        0,
        124,
        -22,
        0,
        -124,
        22,
        0,
        124,
        22,
        0
      ],
      "indexes": [
        0,
        1,
        2,
        2,
        1,
        3
      ],
      "uv": [
        5,
        48,
        253,
        48,
        5,
        4,
        253,
        4
      ],
      "nuv": [
        0.019455252918287938,
        0.07692307692307693,
        0.9844357976653697,
        0.07692307692307693,
        0.019455252918287938,
        0.9230769230769231,
        0.9844357976653697,
        0.9230769230769231
      ],
      "minPos": {
        "x": -124,
        "y": -22,
        "z": 0
      },
      "maxPos": {
        "x": 124,
        "y": 22,
        "z": 0
      }
    },
    "texture": "5d56a68a-b35c-4ab0-8d58-ca6df4148d7d@6c48a",
    "packable": true,
    "pixelsToUnit": 100,
    "pivot": {
      "x": 0.5,
      "y": 0.5
    },
    "meshType": 0
  }
}