{
  "__type__": "cc.SpriteFrame",
  "content": {
    "name": "memberlistbg",
    "atlas": "",
    "rect": {
      "x": 5,
      "y": 4,
      "width": 372,
      "height": 639
    },
    "offset": {
      "x": 1,
      "y": -0.5
    },
    "originalSize": {
      "width": 380,
      "height": 646
    },
    "rotated": false,
    "capInsets": [
      0,
      0,
      0,
      0
    ],
    "vertices": {
      "rawPosition": [
        -186,
        -319.5,
        0,
        186,
        -319.5,
        0,
        -186,
        319.5,
        0,
        186,
        319.5,
        0
      ],
      "indexes": [
        0,
        1,
        2,
        2,
        1,
        3
      ],
      "uv": [
        5,
        642,
        377,
        642,
        5,
        3,
        377,
        3
      ],
      "nuv": [
        0.013157894736842105,
        0.0046439628482972135,
        0.9921052631578947,
        0.0046439628482972135,
        0.013157894736842105,
        0.9938080495356038,
        0.9921052631578947,
        0.9938080495356038
      ],
      "minPos": {
        "x": -186,
        "y": -319.5,
        "z": 0
      },
      "maxPos": {
        "x": 186,
        "y": 319.5,
        "z": 0
      }
    },
    "texture": "8ecb3457-5a8f-40c6-a257-28b5a36f115a@6c48a",
    "packable": true,
    "pixelsToUnit": 100,
    "pivot": {
      "x": 0.5,
      "y": 0.5
    },
    "meshType": 0
  }
}