{
  "__type__": "cc.SpriteFrame",
  "content": {
    "name": "seedsectionbg",
    "atlas": "",
    "rect": {
      "x": 11,
      "y": 7,
      "width": 172,
      "height": 227
    },
    "offset": {
      "x": 1,
      "y": -0.5
    },
    "originalSize": {
      "width": 192,
      "height": 240
    },
    "rotated": false,
    "capInsets": [
      32,
      34,
      32,
      43
    ],
    "vertices": {
      "rawPosition": [
        -86,
        -113.5,
        0,
        86,
        -113.5,
        0,
        -86,
        113.5,
        0,
        86,
        113.5,
        0
      ],
      "indexes": [
        0,
        1,
        2,
        2,
        1,
        3
      ],
      "uv": [
        11,
        233,
        183,
        233,
        11,
        6,
        183,
        6
      ],
      "nuv": [
        0.057291666666666664,
        0.025,
        0.953125,
        0.025,
        0.057291666666666664,
        0.9708333333333333,
        0.953125,
        0.9708333333333333
      ],
      "minPos": {
        "x": -86,
        "y": -113.5,
        "z": 0
      },
      "maxPos": {
        "x": 86,
        "y": 113.5,
        "z": 0
      }
    },
    "texture": "e4e721af-0911-4613-80e7-c4b795a03992@6c48a",
    "packable": true,
    "pixelsToUnit": 100,
    "pivot": {
      "x": 0.5,
      "y": 0.5
    },
    "meshType": 0
  }
}