{
  "__type__": "cc.SpriteFrame",
  "content": {
    "name": "3",
    "atlas": "",
    "rect": {
      "x": 0,
      "y": 0,
      "width": 49,
      "height": 57
    },
    "offset": {
      "x": -0.5,
      "y": 0.5
    },
    "originalSize": {
      "width": 50,
      "height": 58
    },
    "rotated": false,
    "capInsets": [
      0,
      0,
      0,
      0
    ],
    "vertices": {
      "rawPosition": [
        -24.5,
        -28.5,
        0,
        24.5,
        -28.5,
        0,
        -24.5,
        28.5,
        0,
        24.5,
        28.5,
        0
      ],
      "indexes": [
        0,
        1,
        2,
        2,
        1,
        3
      ],
      "uv": [
        0,
        58,
        49,
        58,
        0,
        1,
        49,
        1
      ],
      "nuv": [
        0,
        0.017241379310344827,
        0.98,
        0.017241379310344827,
        0,
        1,
        0.98,
        1
      ],
      "minPos": {
        "x": -24.5,
        "y": -28.5,
        "z": 0
      },
      "maxPos": {
        "x": 24.5,
        "y": 28.5,
        "z": 0
      }
    },
    "texture": "95e9a59b-6a08-491e-b20e-6120bbd04c7b@6c48a",
    "packable": true,
    "pixelsToUnit": 100,
    "pivot": {
      "x": 0.5,
      "y": 0.5
    },
    "meshType": 0
  }
}