{
  "__type__": "cc.SpriteFrame",
  "content": {
    "name": "bbb",
    "atlas": "",
    "rect": {
      "x": 16,
      "y": 11,
      "width": 113,
      "height": 147
    },
    "offset": {
      "x": -2.5,
      "y": -1.5
    },
    "originalSize": {
      "width": 150,
      "height": 166
    },
    "rotated": false,
    "capInsets": [
      0,
      0,
      0,
      0
    ],
    "vertices": {
      "rawPosition": [
        -56.5,
        -73.5,
        0,
        56.5,
        -73.5,
        0,
        -56.5,
        73.5,
        0,
        56.5,
        73.5,
        0
      ],
      "indexes": [
        0,
        1,
        2,
        2,
        1,
        3
      ],
      "uv": [
        16,
        155,
        129,
        155,
        16,
        8,
        129,
        8
      ],
      "nuv": [
        0.10666666666666667,
        0.04819277108433735,
        0.86,
        0.04819277108433735,
        0.10666666666666667,
        0.9337349397590361,
        0.86,
        0.9337349397590361
      ],
      "minPos": {
        "x": -56.5,
        "y": -73.5,
        "z": 0
      },
      "maxPos": {
        "x": 56.5,
        "y": 73.5,
        "z": 0
      }
    },
    "texture": "e7da49b2-fb99-4d9f-ba54-97f85afd8735@6c48a",
    "packable": true,
    "pixelsToUnit": 100,
    "pivot": {
      "x": 0.5,
      "y": 0.5
    },
    "meshType": 0
  }
}