{
  "__type__": "cc.SpriteFrame",
  "content": {
    "name": "seednumbg",
    "atlas": "",
    "rect": {
      "x": 1,
      "y": 1,
      "width": 42,
      "height": 31
    },
    "offset": {
      "x": 0,
      "y": 0
    },
    "originalSize": {
      "width": 44,
      "height": 33
    },
    "rotated": false,
    "capInsets": [
      0,
      0,
      0,
      0
    ],
    "vertices": {
      "rawPosition": [
        -21,
        -15.5,
        0,
        21,
        -15.5,
        0,
        -21,
        15.5,
        0,
        21,
        15.5,
        0
      ],
      "indexes": [
        0,
        1,
        2,
        2,
        1,
        3
      ],
      "uv": [
        1,
        32,
        43,
        32,
        1,
        1,
        43,
        1
      ],
      "nuv": [
        0.022727272727272728,
        0.030303030303030304,
        0.9772727272727273,
        0.030303030303030304,
        0.022727272727272728,
        0.9696969696969697,
        0.9772727272727273,
        0.9696969696969697
      ],
      "minPos": {
        "x": -21,
        "y": -15.5,
        "z": 0
      },
      "maxPos": {
        "x": 21,
        "y": 15.5,
        "z": 0
      }
    },
    "texture": "6d0ccbb2-6e8f-4319-954b-2a26e04ffb68@6c48a",
    "packable": true,
    "pixelsToUnit": 100,
    "pivot": {
      "x": 0.5,
      "y": 0.5
    },
    "meshType": 0
  }
}