{
  "__type__": "cc.SpriteFrame",
  "content": {
    "name": "circlescontentbg",
    "atlas": "",
    "rect": {
      "x": 5,
      "y": 4,
      "width": 362,
      "height": 507
    },
    "offset": {
      "x": 1,
      "y": -0.5
    },
    "originalSize": {
      "width": 370,
      "height": 514
    },
    "rotated": false,
    "capInsets": [
      0,
      0,
      0,
      0
    ],
    "vertices": {
      "rawPosition": [
        -181,
        -253.5,
        0,
        181,
        -253.5,
        0,
        -181,
        253.5,
        0,
        181,
        253.5,
        0
      ],
      "indexes": [
        0,
        1,
        2,
        2,
        1,
        3
      ],
      "uv": [
        5,
        510,
        367,
        510,
        5,
        3,
        367,
        3
      ],
      "nuv": [
        0.013513513513513514,
        0.005836575875486381,
        0.9918918918918919,
        0.005836575875486381,
        0.013513513513513514,
        0.9922178988326849,
        0.9918918918918919,
        0.9922178988326849
      ],
      "minPos": {
        "x": -181,
        "y": -253.5,
        "z": 0
      },
      "maxPos": {
        "x": 181,
        "y": 253.5,
        "z": 0
      }
    },
    "texture": "6d845741-edcf-4c28-80af-a0fe3e9890fd@6c48a",
    "packable": true,
    "pixelsToUnit": 100,
    "pivot": {
      "x": 0.5,
      "y": 0.5
    },
    "meshType": 0
  }
}