{
  "__type__": "cc.SpriteFrame",
  "content": {
    "name": "whitebg",
    "atlas": "",
    "rect": {
      "x": 1,
      "y": 1,
      "width": 259,
      "height": 253
    },
    "offset": {
      "x": 0,
      "y": -0.5
    },
    "originalSize": {
      "width": 261,
      "height": 254
    },
    "rotated": false,
    "capInsets": [
      0,
      0,
      0,
      0
    ],
    "vertices": {
      "rawPosition": [
        -129.5,
        -126.5,
        0,
        129.5,
        -126.5,
        0,
        -129.5,
        126.5,
        0,
        129.5,
        126.5,
        0
      ],
      "indexes": [
        0,
        1,
        2,
        2,
        1,
        3
      ],
      "uv": [
        1,
        253,
        260,
        253,
        1,
        0,
        260,
        0
      ],
      "nuv": [
        0.0038314176245210726,
        0,
        0.9961685823754789,
        0,
        0.0038314176245210726,
        0.9960629921259843,
        0.9961685823754789,
        0.9960629921259843
      ],
      "minPos": {
        "x": -129.5,
        "y": -126.5,
        "z": 0
      },
      "maxPos": {
        "x": 129.5,
        "y": 126.5,
        "z": 0
      }
    },
    "texture": "ad3d3528-a9e3-4b9a-a549-40d4fbee18fa@6c48a",
    "packable": true,
    "pixelsToUnit": 100,
    "pivot": {
      "x": 0.5,
      "y": 0.5
    },
    "meshType": 0
  }
}