{
  "gizmos-infos": {
    "is2D": true,
    "is3DIcon": false,
    "iconSize": 2,
    "gridVisible": true,
    "gridColor": [
      150,
      150,
      150,
      255
    ],
    "isIconGizmo3D": false,
    "iconGizmoSize": 2,
    "isGridVisible": true,
    "transformToolName": "position",
    "pivot": "pivot",
    "coordinate": "local",
    "toolsVisibility3d": true
  },
  "scene": {
    "native": false
  },
  "camera": {
    "color": [
      48,
      48,
      48,
      255
    ],
    "fov": 45,
    "far": 10000,
    "near": 0.01,
    "wheelSpeed": 0.01,
    "wanderSpeed": 10,
    "enableAcceleration": true,
    "size": "__default_design__",
    "far2D": 10000,
    "near2D": 1,
    "wheelSpeed2D": 6,
    "iso": 0,
    "aperture": 19,
    "shutter": 7
  },
  "camera-infos": {
    "c77ecaa8-c936-46c4-a5b0-98692673ed87": {
      "position": {
        "x": 375,
        "y": 666.9999999999999,
        "z": 5000
      },
      "rotation": {
        "x": 0,
        "y": 0,
        "z": 0,
        "w": 1
      },
      "viewCenter": {
        "x": 0,
        "y": 0,
        "z": 0
      }
    },
    "06d29b3c-c3f1-4104-824c-0060dfcb1f92": {
      "position": {
        "x": 372.38943248532286,
        "y": 667,
        "z": 5000
      },
      "rotation": {
        "x": 0,
        "y": 0,
        "z": 0,
        "w": 1
      },
      "viewCenter": {
        "x": 0,
        "y": 0,
        "z": 0
      }
    },
    "520f11f3-d3cf-4d14-9f53-41dd34710c85": {
      "position": {
        "x": 375,
        "y": 667,
        "z": 5000
      },
      "rotation": {
        "x": 0,
        "y": 0,
        "z": 0,
        "w": 1
      },
      "viewCenter": {
        "x": 0,
        "y": 0,
        "z": 0
      },
      "contentRect": {
        "x": -499.6509433962261,
        "y": 8.516298378292664e-14,
        "width": 250.29985007496256,
        "height": 445.20000000000005
      },
      "scale": 0.3337331334332834
    },
    "cf4dc34b-8c49-4fc8-b329-7c0faa4a4a85": {
      "position": {
        "x": 342.95352323838097,
        "y": 723.9999999999998,
        "z": 5000
      },
      "rotation": {
        "x": 0,
        "y": 0,
        "z": 0,
        "w": 1
      },
      "viewCenter": {
        "x": 0,
        "y": 0,
        "z": 0
      },
      "contentRect": {
        "x": 342.95352323838085,
        "y": 723.9999999999999,
        "width": 230.59392265193375,
        "height": 445.20000000000005
      },
      "scale": 0.30745856353591167
    },
    "817d097a-2e5d-438b-bbd5-f5b7e22be5ae": {
      "position": {
        "x": 1343.3323465720728,
        "y": 1249.8558566448166,
        "z": 5000
      },
      "rotation": {
        "x": 0,
        "y": 0,
        "z": 0,
        "w": 1
      },
      "viewCenter": {
        "x": 0,
        "y": 0,
        "z": 0
      },
      "contentRect": {
        "x": 520.4662610612792,
        "y": 631.2473100906032,
        "width": 592.2,
        "height": 445.2
      },
      "scale": 0.3598398393296233
    },
    "3909eff4-33d0-491b-8f52-ccf0d8cd9f76": {
      "position": {
        "x": 892.8120749940377,
        "y": 765.901498770184,
        "z": 5000
      },
      "rotation": {
        "x": 0,
        "y": 0,
        "z": 0,
        "w": 1
      },
      "viewCenter": {
        "x": 0,
        "y": 0,
        "z": 0
      },
      "contentRect": {
        "x": -254.87518602669323,
        "y": -96.89885348653569,
        "width": 592.2,
        "height": 445.2
      },
      "scale": 0.2579971130259426
    },
    "5a6f4efe-edd1-4c9d-adc3-c28f8d58012d": {
      "position": {
        "x": 647.2678233321859,
        "y": 896.6691206779893,
        "z": 5000
      },
      "rotation": {
        "x": 0,
        "y": 0,
        "z": 0,
        "w": 1
      },
      "viewCenter": {
        "x": 0,
        "y": 0,
        "z": 0
      },
      "contentRect": {
        "x": -324.5309849953062,
        "y": 166.09696689987481,
        "width": 592.2,
        "height": 445.2
      },
      "scale": 0.3046926971536433
    }
  },
  "camera-uuids": [
    "520f11f3-d3cf-4d14-9f53-41dd34710c85",
    "cf4dc34b-8c49-4fc8-b329-7c0faa4a4a85",
    "817d097a-2e5d-438b-bbd5-f5b7e22be5ae",
    "3909eff4-33d0-491b-8f52-ccf0d8cd9f76",
    "5a6f4efe-edd1-4c9d-adc3-c28f8d58012d"
  ],
  "float-window": {
    "position": {
      "cc": {
        "Camera": {
          "dock": false,
          "top": null,
          "bottom": 10,
          "left": null,
          "right": 10
        }
      }
    }
  },
  "game-view": {
    "devicesInfo": {
      "name": "i18n:scene.game_view.design_resolution",
      "type": "design",
      "width": 750,
      "height": 1334
    },
    "scaleValue": 73,
    "sliderValue": 35
  },
  "__version__": "1.0.1",
  "builder": {
    "taskOptionsMap": {},
    "__version__": "1.3.8"
  },
  "snap-configs": {
    "position": {
      "x": 1,
      "y": 1,
      "z": 1
    },
    "rotation": 1,
    "scale": 1,
    "isPositionSnapEnabled": false,
    "isRotationSnapEnabled": false,
    "isScaleSnapEnabled": false
  },
  "rect-snap-configs": {
    "enableSnapping": true,
    "snapThreshold": 4
  }
}
