{
  "gizmos-infos": {
    "is2D": true,
    "is3DIcon": false,
    "iconSize": 2,
    "gridVisible": true,
    "gridColor": [
      150,
      150,
      150,
      255
    ],
    "isIconGizmo3D": false,
    "iconGizmoSize": 2,
    "isGridVisible": true,
    "transformToolName": "position",
    "pivot": "pivot",
    "coordinate": "local",
    "toolsVisibility3d": true
  },
  "scene": {
    "native": false
  },
  "camera": {
    "color": [
      48,
      48,
      48,
      255
    ],
    "fov": 45,
    "far": 10000,
    "near": 0.01,
    "wheelSpeed": 0.01,
    "wanderSpeed": 10,
    "enableAcceleration": true,
    "size": "__default_design__",
    "far2D": 10000,
    "near2D": 1,
    "wheelSpeed2D": 6,
    "iso": 0,
    "aperture": 19,
    "shutter": 7
  },
  "camera-infos": {
    "c77ecaa8-c936-46c4-a5b0-98692673ed87": {
      "position": {
        "x": 375,
        "y": 666.9999999999999,
        "z": 5000
      },
      "rotation": {
        "x": 0,
        "y": 0,
        "z": 0,
        "w": 1
      },
      "viewCenter": {
        "x": 0,
        "y": 0,
        "z": 0
      }
    },
    "06d29b3c-c3f1-4104-824c-0060dfcb1f92": {
      "position": {
        "x": 372.38943248532286,
        "y": 667,
        "z": 5000
      },
      "rotation": {
        "x": 0,
        "y": 0,
        "z": 0,
        "w": 1
      },
      "viewCenter": {
        "x": 0,
        "y": 0,
        "z": 0
      }
    },
    "520f11f3-d3cf-4d14-9f53-41dd34710c85": {
      "position": {
        "x": 375,
        "y": 667,
        "z": 5000
      },
      "rotation": {
        "x": 0,
        "y": 0,
        "z": 0,
        "w": 1
      },
      "viewCenter": {
        "x": 0,
        "y": 0,
        "z": 0
      },
      "contentRect": {
        "x": -499.6509433962261,
        "y": 8.516298378292664e-14,
        "width": 250.29985007496256,
        "height": 445.20000000000005
      },
      "scale": 0.3337331334332834
    },
    "1c3b2ac6-3ed2-4986-965f-3cec557b5dab": {
      "position": {
        "x": 378,
        "y": 724,
        "z": 5000
      },
      "rotation": {
        "x": 0,
        "y": 0,
        "z": 0,
        "w": 1
      },
      "viewCenter": {
        "x": 0,
        "y": 0,
        "z": 0
      },
      "contentRect": {
        "x": -585.056603773585,
        "y": 465.8611165142969,
        "width": 232.43867403314917,
        "height": 445.20000000000005
      },
      "scale": 0.3074585635359116
    },
    "19fb68e4-98bb-45cf-8acd-fa2be0b6ddf3": {
      "position": {
        "x": 378,
        "y": 724,
        "z": 5000
      },
      "rotation": {
        "x": 0,
        "y": 0,
        "z": 0,
        "w": 1
      },
      "viewCenter": {
        "x": 0,
        "y": 0,
        "z": 0
      },
      "contentRect": {
        "x": -585.056603773585,
        "y": 465.8611165142969,
        "width": 232.43867403314917,
        "height": 445.20000000000005
      },
      "scale": 0.3074585635359116
    },
    "a7edb2e4-ff60-4b82-9b82-dfdb7ef3c42c": {
      "position": {
        "x": 378,
        "y": 724,
        "z": 5000
      },
      "rotation": {
        "x": 0,
        "y": 0,
        "z": 0,
        "w": 1
      },
      "viewCenter": {
        "x": 0,
        "y": 0,
        "z": 0
      },
      "contentRect": {
        "x": 0,
        "y": 0,
        "width": 232.43867403314917,
        "height": 445.20000000000005
      },
      "scale": 0.3074585635359116
    },
    "27445f9e-b820-4f3f-bd52-f27c78308718": {
      "position": {
        "x": 378,
        "y": 724,
        "z": 5000
      },
      "rotation": {
        "x": 0,
        "y": 0,
        "z": 0,
        "w": 1
      },
      "viewCenter": {
        "x": 0,
        "y": 0,
        "z": 0
      },
      "contentRect": {
        "x": 2.999999999999822,
        "y": 0,
        "width": 232.43867403314917,
        "height": 445.20000000000005
      },
      "scale": 0.3074585635359116
    },
    "817d097a-2e5d-438b-bbd5-f5b7e22be5ae": {
      "position": {
        "x": 471.7900552486187,
        "y": 315.4999999999999,
        "z": 5000
      },
      "rotation": {
        "x": 0,
        "y": 0,
        "z": 0,
        "w": 1
      },
      "viewCenter": {
        "x": 0,
        "y": 0,
        "z": 0
      },
      "contentRect": {
        "x": 152.79005524861867,
        "y": 290.04940634346985,
        "width": 445.9,
        "height": 443.79999999999995
      },
      "scale": 0.7
    },
    "cf4dc34b-8c49-4fc8-b329-7c0faa4a4a85": {
      "position": {
        "x": -474.4949871828278,
        "y": 1129.0247663764894,
        "z": 5000
      },
      "rotation": {
        "x": 0,
        "y": 0,
        "z": 0,
        "w": 1
      },
      "viewCenter": {
        "x": 0,
        "y": 0,
        "z": 0
      },
      "contentRect": {
        "x": -817.5063346498762,
        "y": 787.6288569665855,
        "width": 230.59392265193375,
        "height": 445.20000000000005
      },
      "scale": 0.6499784967650898
    },
    "6ca93497-c1bc-436b-9a0f-fa74baf54cdc": {
      "position": {
        "x": 349.7335211991244,
        "y": 75.12911458482404,
        "z": 5000
      },
      "rotation": {
        "x": 0,
        "y": 0,
        "z": 0,
        "w": 1
      },
      "viewCenter": {
        "x": 0,
        "y": 0,
        "z": 0
      },
      "contentRect": {
        "x": 34.36956119418035,
        "y": -144.4059180290815,
        "width": 446.6,
        "height": 35.63083111914203
      },
      "scale": 0.7069609349036102
    },
    "5a6f4efe-edd1-4c9d-adc3-c28f8d58012d": {
      "position": {
        "x": 559.896674137228,
        "y": 744.9726671899526,
        "z": 5000
      },
      "rotation": {
        "x": 0,
        "y": 0,
        "z": 0,
        "w": 1
      },
      "viewCenter": {
        "x": 0,
        "y": 0,
        "z": 0
      },
      "contentRect": {
        "x": 210.05984054225158,
        "y": 396.232500784929,
        "width": 445.9,
        "height": 310.4053838016424
      },
      "scale": 0.6382975677699094
    },
    "3909eff4-33d0-491b-8f52-ccf0d8cd9f76": {
      "position": {
        "x": 602.1369855784534,
        "y": 1035.5684987054694,
        "z": 5000
      },
      "rotation": {
        "x": 0,
        "y": 0,
        "z": 0,
        "w": 1
      },
      "viewCenter": {
        "x": 0,
        "y": 0,
        "z": 0
      },
      "contentRect": {
        "x": 80.73048669887628,
        "y": 514.1619998258924,
        "width": 443.80000000000007,
        "height": 443.80000000000007
      },
      "scale": 0.4255796590123622
    }
  },
  "camera-uuids": [
    "520f11f3-d3cf-4d14-9f53-41dd34710c85",
    "1c3b2ac6-3ed2-4986-965f-3cec557b5dab",
    "19fb68e4-98bb-45cf-8acd-fa2be0b6ddf3",
    "a7edb2e4-ff60-4b82-9b82-dfdb7ef3c42c",
    "27445f9e-b820-4f3f-bd52-f27c78308718",
    "817d097a-2e5d-438b-bbd5-f5b7e22be5ae",
    "cf4dc34b-8c49-4fc8-b329-7c0faa4a4a85",
    "6ca93497-c1bc-436b-9a0f-fa74baf54cdc",
    "5a6f4efe-edd1-4c9d-adc3-c28f8d58012d",
    "3909eff4-33d0-491b-8f52-ccf0d8cd9f76"
  ],
  "float-window": {
    "position": {
      "cc": {
        "Camera": {
          "dock": false,
          "top": null,
          "bottom": 10,
          "left": null,
          "right": 10
        }
      }
    }
  },
  "game-view": {
    "devicesInfo": {
      "name": "i18n:scene.game_view.design_resolution",
      "type": "design",
      "width": 750,
      "height": 1334
    },
    "scaleValue": 73,
    "sliderValue": 35
  },
  "__version__": "1.0.1",
  "builder": {
    "taskOptionsMap": {},
    "__version__": "1.3.8"
  },
  "snap-configs": {
    "position": {
      "x": 1,
      "y": 1,
      "z": 1
    },
    "rotation": 1,
    "scale": 1,
    "isPositionSnapEnabled": false,
    "isRotationSnapEnabled": false,
    "isScaleSnapEnabled": false
  },
  "rect-snap-configs": {
    "enableSnapping": true,
    "snapThreshold": 4
  }
}
