{
  "gizmos-infos": {
    "is2D": true,
    "is3DIcon": false,
    "iconSize": 2,
    "gridVisible": true,
    "gridColor": [
      150,
      150,
      150,
      255
    ],
    "isIconGizmo3D": false,
    "iconGizmoSize": 2,
    "isGridVisible": true,
    "transformToolName": "position",
    "pivot": "pivot",
    "coordinate": "local",
    "toolsVisibility3d": true
  },
  "scene": {
    "native": false
  },
  "camera": {
    "color": [
      48,
      48,
      48,
      255
    ],
    "fov": 45,
    "far": 10000,
    "near": 0.01,
    "wheelSpeed": 0.01,
    "wanderSpeed": 10,
    "enableAcceleration": true,
    "size": "__default_design__",
    "far2D": 10000,
    "near2D": 1,
    "wheelSpeed2D": 6,
    "iso": 0,
    "aperture": 19,
    "shutter": 7
  },
  "camera-infos": {
    "c77ecaa8-c936-46c4-a5b0-98692673ed87": {
      "position": {
        "x": 375,
        "y": 666.9999999999999,
        "z": 5000
      },
      "rotation": {
        "x": 0,
        "y": 0,
        "z": 0,
        "w": 1
      },
      "viewCenter": {
        "x": 0,
        "y": 0,
        "z": 0
      }
    },
    "06d29b3c-c3f1-4104-824c-0060dfcb1f92": {
      "position": {
        "x": 372.38943248532286,
        "y": 667,
        "z": 5000
      },
      "rotation": {
        "x": 0,
        "y": 0,
        "z": 0,
        "w": 1
      },
      "viewCenter": {
        "x": 0,
        "y": 0,
        "z": 0
      }
    },
    "520f11f3-d3cf-4d14-9f53-41dd34710c85": {
      "position": {
        "x": 375,
        "y": 667,
        "z": 5000
      },
      "rotation": {
        "x": 0,
        "y": 0,
        "z": 0,
        "w": 1
      },
      "viewCenter": {
        "x": 0,
        "y": 0,
        "z": 0
      },
      "contentRect": {
        "x": -499.6509433962261,
        "y": 8.516298378292664e-14,
        "width": 250.29985007496256,
        "height": 445.20000000000005
      },
      "scale": 0.3337331334332834
    },
    "1c3b2ac6-3ed2-4986-965f-3cec557b5dab": {
      "position": {
        "x": 378,
        "y": 724,
        "z": 5000
      },
      "rotation": {
        "x": 0,
        "y": 0,
        "z": 0,
        "w": 1
      },
      "viewCenter": {
        "x": 0,
        "y": 0,
        "z": 0
      },
      "contentRect": {
        "x": -585.056603773585,
        "y": 465.8611165142969,
        "width": 232.43867403314917,
        "height": 445.20000000000005
      },
      "scale": 0.3074585635359116
    },
    "19fb68e4-98bb-45cf-8acd-fa2be0b6ddf3": {
      "position": {
        "x": 378,
        "y": 724,
        "z": 5000
      },
      "rotation": {
        "x": 0,
        "y": 0,
        "z": 0,
        "w": 1
      },
      "viewCenter": {
        "x": 0,
        "y": 0,
        "z": 0
      },
      "contentRect": {
        "x": -585.056603773585,
        "y": 465.8611165142969,
        "width": 232.43867403314917,
        "height": 445.20000000000005
      },
      "scale": 0.3074585635359116
    },
    "a7edb2e4-ff60-4b82-9b82-dfdb7ef3c42c": {
      "position": {
        "x": 378,
        "y": 724,
        "z": 5000
      },
      "rotation": {
        "x": 0,
        "y": 0,
        "z": 0,
        "w": 1
      },
      "viewCenter": {
        "x": 0,
        "y": 0,
        "z": 0
      },
      "contentRect": {
        "x": 0,
        "y": 0,
        "width": 232.43867403314917,
        "height": 445.20000000000005
      },
      "scale": 0.3074585635359116
    },
    "27445f9e-b820-4f3f-bd52-f27c78308718": {
      "position": {
        "x": 378,
        "y": 724,
        "z": 5000
      },
      "rotation": {
        "x": 0,
        "y": 0,
        "z": 0,
        "w": 1
      },
      "viewCenter": {
        "x": 0,
        "y": 0,
        "z": 0
      },
      "contentRect": {
        "x": 2.999999999999822,
        "y": 0,
        "width": 232.43867403314917,
        "height": 445.20000000000005
      },
      "scale": 0.3074585635359116
    },
    "cf4dc34b-8c49-4fc8-b329-7c0faa4a4a85": {
      "position": {
        "x": -2655.8582622613226,
        "y": 1663.3679332715833,
        "z": 5000
      },
      "rotation": {
        "x": 0,
        "y": 0,
        "z": 0,
        "w": 1
      },
      "viewCenter": {
        "x": 0,
        "y": 0,
        "z": 0
      },
      "contentRect": {
        "x": -4260.938738379169,
        "y": 1474.5349360812486,
        "width": 230.59392265193375,
        "height": 445.20000000000005
      },
      "scale": 0.18665730750437656
    },
    "6ca93497-c1bc-436b-9a0f-fa74baf54cdc": {
      "position": {
        "x": 173.38843841506184,
        "y": 547.9296147092919,
        "z": 5000
      },
      "rotation": {
        "x": 0,
        "y": 0,
        "z": 0,
        "w": 1
      },
      "viewCenter": {
        "x": 0,
        "y": 0,
        "z": 0
      },
      "contentRect": {
        "x": -348.24429559744647,
        "y": -78.02966610571819,
        "width": 371,
        "height": 445.20000000000005
      },
      "scale": 0.35561418581440457
    },
    "3909eff4-33d0-491b-8f52-ccf0d8cd9f76": {
      "position": {
        "x": 659.5922817812525,
        "y": 373.23231022096974,
        "z": 5000
      },
      "rotation": {
        "x": 0,
        "y": 0,
        "z": 0,
        "w": 1
      },
      "viewCenter": {
        "x": 0,
        "y": 0,
        "z": 0
      },
      "contentRect": {
        "x": 312.83737217467,
        "y": -42.87358130692936,
        "width": 599.2,
        "height": 70.49411764705883
      },
      "scale": 0.5349599814187566
    },
    "5a6f4efe-edd1-4c9d-adc3-c28f8d58012d": {
      "position": {
        "x": 389.32966324471755,
        "y": 696.1796940936905,
        "z": 5000
      },
      "rotation": {
        "x": 0,
        "y": 0,
        "z": 0,
        "w": 1
      },
      "viewCenter": {
        "x": 0,
        "y": 0,
        "z": 0
      },
      "contentRect": {
        "x": -301.62163758160415,
        "y": 614.891305761182,
        "width": 445.2000000000001,
        "height": 445.2000000000001
      },
      "scale": 0.433605088581066
    },
    "817d097a-2e5d-438b-bbd5-f5b7e22be5ae": {
      "position": {
        "x": 406.91521996037784,
        "y": 910.9161019856133,
        "z": 5000
      },
      "rotation": {
        "x": 0,
        "y": 0,
        "z": 0,
        "w": 1
      },
      "viewCenter": {
        "x": 0,
        "y": 0,
        "z": 0
      },
      "contentRect": {
        "x": -487.3220423545562,
        "y": 238.65262818857087,
        "width": 592.2,
        "height": 445.2
      },
      "scale": 0.3311201763539563
    }
  },
  "camera-uuids": [
    "520f11f3-d3cf-4d14-9f53-41dd34710c85",
    "1c3b2ac6-3ed2-4986-965f-3cec557b5dab",
    "19fb68e4-98bb-45cf-8acd-fa2be0b6ddf3",
    "a7edb2e4-ff60-4b82-9b82-dfdb7ef3c42c",
    "27445f9e-b820-4f3f-bd52-f27c78308718",
    "cf4dc34b-8c49-4fc8-b329-7c0faa4a4a85",
    "6ca93497-c1bc-436b-9a0f-fa74baf54cdc",
    "3909eff4-33d0-491b-8f52-ccf0d8cd9f76",
    "5a6f4efe-edd1-4c9d-adc3-c28f8d58012d",
    "817d097a-2e5d-438b-bbd5-f5b7e22be5ae"
  ],
  "float-window": {
    "position": {
      "cc": {
        "Camera": {
          "dock": false,
          "top": null,
          "bottom": 10,
          "left": null,
          "right": 10
        }
      }
    }
  },
  "game-view": {
    "devicesInfo": {
      "name": "i18n:scene.game_view.design_resolution",
      "type": "design",
      "width": 750,
      "height": 1334
    },
    "scaleValue": 73,
    "sliderValue": 35
  },
  "__version__": "1.0.1",
  "builder": {
    "taskOptionsMap": {},
    "__version__": "1.3.8"
  },
  "snap-configs": {
    "position": {
      "x": 1,
      "y": 1,
      "z": 1
    },
    "rotation": 1,
    "scale": 1,
    "isPositionSnapEnabled": false,
    "isRotationSnapEnabled": false,
    "isScaleSnapEnabled": false
  },
  "rect-snap-configs": {
    "enableSnapping": true,
    "snapThreshold": 4
  }
}
