{
  "gizmos-infos": {
    "is2D": true,
    "is3DIcon": false,
    "iconSize": 2,
    "gridVisible": true,
    "gridColor": [
      150,
      150,
      150,
      255
    ],
    "isIconGizmo3D": false,
    "iconGizmoSize": 2,
    "isGridVisible": true,
    "transformToolName": "position",
    "pivot": "pivot",
    "coordinate": "local",
    "toolsVisibility3d": true
  },
  "scene": {
    "native": false
  },
  "camera": {
    "color": [
      48,
      48,
      48,
      255
    ],
    "fov": 45,
    "far": 10000,
    "near": 0.01,
    "wheelSpeed": 0.01,
    "wanderSpeed": 10,
    "enableAcceleration": true,
    "size": "__default_design__",
    "far2D": 10000,
    "near2D": 1,
    "wheelSpeed2D": 6,
    "iso": 0,
    "aperture": 19,
    "shutter": 7
  },
  "camera-infos": {
    "c77ecaa8-c936-46c4-a5b0-98692673ed87": {
      "position": {
        "x": 375,
        "y": 666.9999999999999,
        "z": 5000
      },
      "rotation": {
        "x": 0,
        "y": 0,
        "z": 0,
        "w": 1
      },
      "viewCenter": {
        "x": 0,
        "y": 0,
        "z": 0
      }
    },
    "06d29b3c-c3f1-4104-824c-0060dfcb1f92": {
      "position": {
        "x": 372.38943248532286,
        "y": 667,
        "z": 5000
      },
      "rotation": {
        "x": 0,
        "y": 0,
        "z": 0,
        "w": 1
      },
      "viewCenter": {
        "x": 0,
        "y": 0,
        "z": 0
      }
    },
    "520f11f3-d3cf-4d14-9f53-41dd34710c85": {
      "position": {
        "x": 375,
        "y": 667,
        "z": 5000
      },
      "rotation": {
        "x": 0,
        "y": 0,
        "z": 0,
        "w": 1
      },
      "viewCenter": {
        "x": 0,
        "y": 0,
        "z": 0
      },
      "contentRect": {
        "x": -499.6509433962261,
        "y": 8.516298378292664e-14,
        "width": 250.29985007496256,
        "height": 445.20000000000005
      },
      "scale": 0.3337331334332834
    },
    "1c3b2ac6-3ed2-4986-965f-3cec557b5dab": {
      "position": {
        "x": 378,
        "y": 724,
        "z": 5000
      },
      "rotation": {
        "x": 0,
        "y": 0,
        "z": 0,
        "w": 1
      },
      "viewCenter": {
        "x": 0,
        "y": 0,
        "z": 0
      },
      "contentRect": {
        "x": -585.056603773585,
        "y": 465.8611165142969,
        "width": 232.43867403314917,
        "height": 445.20000000000005
      },
      "scale": 0.3074585635359116
    },
    "19fb68e4-98bb-45cf-8acd-fa2be0b6ddf3": {
      "position": {
        "x": 378,
        "y": 724,
        "z": 5000
      },
      "rotation": {
        "x": 0,
        "y": 0,
        "z": 0,
        "w": 1
      },
      "viewCenter": {
        "x": 0,
        "y": 0,
        "z": 0
      },
      "contentRect": {
        "x": -585.056603773585,
        "y": 465.8611165142969,
        "width": 232.43867403314917,
        "height": 445.20000000000005
      },
      "scale": 0.3074585635359116
    },
    "a7edb2e4-ff60-4b82-9b82-dfdb7ef3c42c": {
      "position": {
        "x": 378,
        "y": 724,
        "z": 5000
      },
      "rotation": {
        "x": 0,
        "y": 0,
        "z": 0,
        "w": 1
      },
      "viewCenter": {
        "x": 0,
        "y": 0,
        "z": 0
      },
      "contentRect": {
        "x": 0,
        "y": 0,
        "width": 232.43867403314917,
        "height": 445.20000000000005
      },
      "scale": 0.3074585635359116
    },
    "27445f9e-b820-4f3f-bd52-f27c78308718": {
      "position": {
        "x": 378,
        "y": 724,
        "z": 5000
      },
      "rotation": {
        "x": 0,
        "y": 0,
        "z": 0,
        "w": 1
      },
      "viewCenter": {
        "x": 0,
        "y": 0,
        "z": 0
      },
      "contentRect": {
        "x": 2.999999999999822,
        "y": 0,
        "width": 232.43867403314917,
        "height": 445.20000000000005
      },
      "scale": 0.3074585635359116
    },
    "6df56947-a0cb-4578-a3fe-fdab6e237bf7": {
      "position": {
        "x": 382.5,
        "y": 724,
        "z": 5000
      },
      "rotation": {
        "x": 0,
        "y": 0,
        "z": 0,
        "w": 1
      },
      "viewCenter": {
        "x": 0,
        "y": 0,
        "z": 0
      },
      "contentRect": {
        "x": 0,
        "y": 0,
        "width": 234.46616022099448,
        "height": 443.8
      },
      "scale": 0.30649171270718234
    },
    "cf4dc34b-8c49-4fc8-b329-7c0faa4a4a85": {
      "position": {
        "x": 456.17196118320726,
        "y": 779.5439753780571,
        "z": 5000
      },
      "rotation": {
        "x": 0,
        "y": 0,
        "z": 0,
        "w": 1
      },
      "viewCenter": {
        "x": 0,
        "y": 0,
        "z": 0
      },
      "contentRect": {
        "x": 43.78127092327306,
        "y": 716.6281157134157,
        "width": 445.9,
        "height": 68.02816476477864
      },
      "scale": 0.5406281113171403
    },
    "817d097a-2e5d-438b-bbd5-f5b7e22be5ae": {
      "position": {
        "x": 1028.6578422814637,
        "y": 1972.8930768674177,
        "z": 5000
      },
      "rotation": {
        "x": 0,
        "y": 0,
        "z": 0,
        "w": 1
      },
      "viewCenter": {
        "x": 0,
        "y": 0,
        "z": 0
      },
      "contentRect": {
        "x": 579.3011182391587,
        "y": 1356.2298402080287,
        "width": 445.9,
        "height": 443.79999999999995
      },
      "scale": 0.3598398393296232
    },
    "6ca93497-c1bc-436b-9a0f-fa74baf54cdc": {
      "position": {
        "x": 615.0766358981343,
        "y": 226.0910769762345,
        "z": 5000
      },
      "rotation": {
        "x": 0,
        "y": 0,
        "z": 0,
        "w": 1
      },
      "viewCenter": {
        "x": 0,
        "y": 0,
        "z": 0
      },
      "contentRect": {
        "x": -240.57158982934936,
        "y": -625.5274082847147,
        "width": 446.6,
        "height": 35.63083111914203
      },
      "scale": 0.2605626860389325
    },
    "5a6f4efe-edd1-4c9d-adc3-c28f8d58012d": {
      "position": {
        "x": 382.5,
        "y": 702.4460961218996,
        "z": 5000
      },
      "rotation": {
        "x": 0,
        "y": 0,
        "z": 0,
        "w": 1
      },
      "viewCenter": {
        "x": 0,
        "y": 0,
        "z": 0
      },
      "contentRect": {
        "x": 135.91200507035916,
        "y": 364.0473520088698,
        "width": 445.9,
        "height": 209.83529411764707
      },
      "scale": 0.6557352941176471
    },
    "3909eff4-33d0-491b-8f52-ccf0d8cd9f76": {
      "position": {
        "x": -60.81758940580494,
        "y": 1283.5077201825995,
        "z": 5000
      },
      "rotation": {
        "x": 0,
        "y": 0,
        "z": 0,
        "w": 1
      },
      "viewCenter": {
        "x": 0,
        "y": 0,
        "z": 0
      },
      "contentRect": {
        "x": -508.46178307792434,
        "y": 669.1946308882174,
        "width": 323.3929027621378,
        "height": 443.8
      },
      "scale": 0.3612164609008751
    }
  },
  "camera-uuids": [
    "520f11f3-d3cf-4d14-9f53-41dd34710c85",
    "1c3b2ac6-3ed2-4986-965f-3cec557b5dab",
    "19fb68e4-98bb-45cf-8acd-fa2be0b6ddf3",
    "a7edb2e4-ff60-4b82-9b82-dfdb7ef3c42c",
    "27445f9e-b820-4f3f-bd52-f27c78308718",
    "6df56947-a0cb-4578-a3fe-fdab6e237bf7",
    "cf4dc34b-8c49-4fc8-b329-7c0faa4a4a85",
    "817d097a-2e5d-438b-bbd5-f5b7e22be5ae",
    "6ca93497-c1bc-436b-9a0f-fa74baf54cdc",
    "5a6f4efe-edd1-4c9d-adc3-c28f8d58012d",
    "3909eff4-33d0-491b-8f52-ccf0d8cd9f76"
  ],
  "float-window": {
    "position": {
      "cc": {
        "Camera": {
          "dock": false,
          "top": null,
          "bottom": 10,
          "left": null,
          "right": 10
        }
      }
    }
  },
  "game-view": {
    "devicesInfo": {
      "name": "i18n:scene.game_view.design_resolution",
      "type": "design",
      "width": 750,
      "height": 1334
    },
    "scaleValue": 73,
    "sliderValue": 35
  },
  "__version__": "1.0.1",