{
  "__type__": "cc.SpriteFrame",
  "content": {
    "name": "ppp",
    "atlas": "",
    "rect": {
      "x": 23,
      "y": 34,
      "width": 100,
      "height": 124
    },
    "offset": {
      "x": -2,
      "y": -13
    },
    "originalSize": {
      "width": 150,
      "height": 166
    },
    "rotated": false,
    "capInsets": [
      0,
      0,
      0,
      0
    ],
    "vertices": {
      "rawPosition": [
        -50,
        -62,
        0,
        50,
        -62,
        0,
        -50,
        62,
        0,
        50,
        62,
        0
      ],
      "indexes": [
        0,
        1,
        2,
        2,
        1,
        3
      ],
      "uv": [
        23,
        132,
        123,
        132,
        23,
        8,
        123,
        8
      ],
      "nuv": [
        0.15333333333333332,
        0.04819277108433735,
        0.82,
        0.04819277108433735,
        0.15333333333333332,
        0.7951807228915663,
        0.82,
        0.7951807228915663
      ],
      "minPos": {
        "x": -50,
        "y": -62,
        "z": 0
      },
      "maxPos": {
        "x": 50,
        "y": 62,
        "z": 0
      }
    },
    "texture": "bd90898b-1464-40a3-90c7-e4b6a7ce6ead@6c48a",
    "packable": true,
    "pixelsToUnit": 100,
    "pivot": {
      "x": 0.5,
      "y": 0.5
    },
    "meshType": 0
  }
}