{
  "__type__": "cc.SpriteFrame",
  "content": {
    "name": "shop",
    "atlas": "",
    "rect": {
      "x": 2,
      "y": 2,
      "width": 168,
      "height": 171
    },
    "offset": {
      "x": 0,
      "y": -0.5
    },
    "originalSize": {
      "width": 172,
      "height": 174
    },
    "rotated": false,
    "capInsets": [
      0,
      0,
      0,
      0
    ],
    "vertices": {
      "rawPosition": [
        -84,
        -85.5,
        0,
        84,
        -85.5,
        0,
        -84,
        85.5,
        0,
        84,
        85.5,
        0
      ],
      "indexes": [
        0,
        1,
        2,
        2,
        1,
        3
      ],
      "uv": [
        2,
        172,
        170,
        172,
        2,
        1,
        170,
        1
      ],
      "nuv": [
        0.011627906976744186,
        0.005747126436781609,
        0.9883720930232558,
        0.005747126436781609,
        0.011627906976744186,
        0.9885057471264368,
        0.9883720930232558,
        0.9885057471264368
      ],
      "minPos": {
        "x": -84,
        "y": -85.5,
        "z": 0
      },
      "maxPos": {
        "x": 84,
        "y": 85.5,
        "z": 0
      }
    },
    "texture": "6cfb57f2-1c8b-46a1-9701-60273ae11a81@6c48a",
    "packable": true,
    "pixelsToUnit": 100,
    "pivot": {
      "x": 0.5,
      "y": 0.5
    },
    "meshType": 0
  }
}