{
  "__type__": "cc.SpriteFrame",
  "content": {
    "name": "shop",
    "atlas": "",
    "rect": {
      "x": 2,
      "y": 2,
      "width": 86,
      "height": 88
    },
    "offset": {
      "x": 0,
      "y": -1
    },
    "originalSize": {
      "width": 90,
      "height": 90
    },
    "rotated": false,
    "capInsets": [
      0,
      0,
      0,
      0
    ],
    "vertices": {
      "rawPosition": [
        -43,
        -44,
        0,
        43,
        -44,
        0,
        -43,
        44,
        0,
        43,
        44,
        0
      ],
      "indexes": [
        0,
        1,
        2,
        2,
        1,
        3
      ],
      "uv": [
        2,
        88,
        88,
        88,
        2,
        0,
        88,
        0
      ],
      "nuv": [
        0.022222222222222223,
        0,
        0.9777777777777777,
        0,
        0.022222222222222223,
        0.9777777777777777,
        0.9777777777777777,
        0.9777777777777777
      ],
      "minPos": {
        "x": -43,
        "y": -44,
        "z": 0
      },
      "maxPos": {
        "x": 43,
        "y": 44,
        "z": 0
      }
    },
    "texture": "6cfb57f2-1c8b-46a1-9701-60273ae11a81@6c48a",
    "packable": true,
    "pixelsToUnit": 100,
    "pivot": {
      "x": 0.5,
      "y": 0.5
    },
    "meshType": 0
  }
}